age_group,cardio
30-35,0.0
36-40,0.22502424830261883
41-45,0.329135737009544
46-50,0.4203846153846154
51-55,0.4796344647519582
56-60,0.563335389677154
61-65,0.6890589287488821
