unhealthy_score,cardio
0,0.4880935170077862
1,0.5168474163428638
2,0.46787544343713044
3,0.5487364620938628
